년도,월,생산량,갈치,참조기,수입,수출,가격 (원)
2015,5,15,61,1,3756,1660,4631
2021,5,89,133,7,8019,3724,4700
2020,5,141,417,7,2473,1320,3350
2022,4,151,1327,3,1040,2750,4146
2021,6,171,440,7,3340,880,4205
2017,4,175,1912,4,3921,175,3000
2020,6,198,789,5,2740,2803,3500
2022,5,232,178,5,3809,4505,4497
2020,4,348,568,1,5213,3062,3200
2014,5,412,908,3,1995,755,3512
2017,5,540,838,1,4320,504,3130
2022,6,585,400,3,2788,2917,4638
2014,6,826,280,0,1452,825,4046
2019,7,1199,116,4,4471,2172,3188
2016,5,1352,211,1,3880,1095,3744
2014,4,1525,2894,6,2454,2122,4259
2017,3,1553,1264,1,3583,363,3019
2016,6,1761,639,5,5000,1101,2865
2017,6,1762,2128,3,3289,188,2972
2016,2,2065,1967,9,4484,1409,2972
2022,2,2162,1055,3,8755,10109,3847
2018,2,2275,1014,1,6115,5919,2967
2017,2,2358,629,0,4650,1926,2792
2022,7,2507,466,5,3756,2757,3936
2021,7,2584,500,2,2406,471,3025
2014,3,2620,2740,1,2011,2033,3891
2018,4,2765,772,3,4177,3139,3212
2020,3,3051,1186,1,9322,4744,3451
2016,3,3105,1713,15,3954,881,3199
2015,6,3245,173,0,3263,1822,4216
2022,3,3340,2009,9,7990,7728,3855
2020,1,3475,1800,37,5963,10266,3000
2014,2,3565,1436,1,1101,3402,4073
2022,8,3900,682,28,2056,613,3543
2014,7,4155,551,1,1419,853,3931
2021,3,4216,1881,3,10103,713,3565
2016,7,4400,244,4,2183,801,2818
2020,8,4492,780,22,2428,1759,2971
2017,10,4603,1439,117,1169,3112,2961
2019,9,4616,864,51,1396,1269,2492
2016,4,4885,225,2,4557,1666,3610
2019,8,4964,411,9,3709,1319,2807
2022,10,5339,987,239,679,6242,3175
2020,7,5481,479,5,3060,1224,3650
2022,9,5494,1809,10,2194,1996,3333
2015,7,5568,788,4,2297,1892,3366
2014,1,5663,2805,3,3476,4840,3422
2021,8,5806,845,28,1139,1347,3008
2017,7,5981,862,8,2086,635,2891
2021,2,6008,2506,9,4440,1769,3360
2020,9,6553,1087,116,1609,857,3346
2019,10,6956,1498,721,1658,960,2005
2018,7,7950,589,5,1959,3734,3193
2020,10,8015,1910,249,1265,568,3481
2017,11,8152,3634,172,2918,1259,2930
2020,2,8258,2712,3,2803,8306,3481
2017,1,8352,901,21,8578,1593,2922
2017,9,8402,2295,68,1197,2525,2767
2018,12,9546,2227,127,3675,12627,2455
2018,3,9874,2354,1,4597,3426,3094
2015,4,9890,748,1,6118,2983,4469
2020,12,10044,2997,342,8701,877,3083
2015,9,10058,2076,57,768,2767,3047
2014,10,10309,1789,86,1138,2184,3703
2016,8,10432,441,6,1789,1244,2605
2018,8,10674,569,5,1219,3202,3000
2021,1,10747,1570,19,9483,1426,3379
2019,11,10895,2683,373,2744,1397,2512
2021,10,11448,1860,233,658,5821,3310
2014,9,11595,1691,50,246,2774,3141
2017,8,11821,2075,12,1828,1066,2775
2015,10,12177,2215,115,1208,2599,2868
2022,11,12592,2495,612,563,8125,3289
2015,11,12694,1807,115,3481,2653,2784
2015,8,12866,5795,5,1056,1623,2689
2020,11,13032,4143,709,1311,1207,3548
2015,1,13198,563,8,10685,2357,4408
2022,1,13448,2070,17,10142,13588,3579
2021,9,13591,1059,94,606,1901,3504
2015,12,13593,1604,111,6780,2379,3162
2018,1,14271,1210,31,10666,7723,3052
2014,8,14437,1231,52,699,1210,3534
2016,1,14466,1617,68,5067,2481,3140
2016,12,14473,1534,82,9958,2652,2940
2018,10,15213,1204,198,1189,9350,2287
2019,1,15328,1180,10,5771,15700,2530
2016,9,15717,1171,31,656,1415,2758
2016,10,15793,1195,94,703,3037,2863
2021,11,16245,2866,632,1370,5724,3422
2018,9,18739,1089,25,1615,4287,2696
2018,11,18957,1346,196,900,15312,2369
2022,12,24533,1178,51,9590,14690,3103
2016,11,25634,971,136,2645,3681,2795
2014,11,26189,2065,291,5869,574,3969
2021,12,26718,3090,309,9821,9139,3237
2014,12,28457,1358,109,11651,1260,4105
2017,12,30662,1726,90,7746,3492,2878
2019,12,32883,1782,292,4701,6635,2833
